step,learning_rate,loss,continuity,momentum_x,momentum_y,u_no_slip,v_no_slip,u_lid,v_lid,velocity_rel_l2,elapsed_seconds
1,0.001,0.49448052048683167,5.8747429143579666e-09,1.7560676524031038e-10,1.5187363519575392e-11,7.655735601019842e-09,9.936399258947404e-09,0.4944804906845093,1.0231492098000672e-08,,0.16485670895781368
100,0.0009987312964496126,0.07347660511732101,0.0008119086851365864,2.0868337742285803e-05,1.5279969375114888e-05,0.06404227018356323,0.005707989446818829,0.0017357200849801302,0.0011425756383687258,,16.862008166965097
200,0.0009974514117836889,0.03925910219550133,4.0453851397614926e-05,1.4622068192693405e-05,9.078589755517896e-06,0.03536393865942955,5.693074854207225e-05,0.003768937662243843,5.143437647348037e-06,,33.917659375001676
300,0.0009961731673034323,0.16514688730239868,0.00010948324052151293,6.589711574633839e-06,2.0151969692960847e-06,0.008415812626481056,0.0021373271010816097,0.15439830720424652,7.735092367511243e-05,,50.746760249952786
400,0.0009948965609069284,0.028706541284918785,1.885052006400656e-05,2.7583148039411753e-05,1.97796430256858e-06,0.025472039356827736,1.1710837952705333e-06,0.0031831746455281973,1.7441940372009412e-06,,67.73538041696884
500,0.000993621590494955,0.0303159411996603,1.7243160982616246e-05,1.3104144272801932e-05,2.8516544148260436e-07,0.025246458128094673,6.159825716167688e-05,0.004951245151460171,2.6007295673480257e-05,0.8197720673664124,85.18874379200861
600,0.0009923482539709808,0.07419044524431229,4.424706276040524e-05,3.429329444770701e-05,1.0780679076560773e-05,0.07293453067541122,0.0007318613352254033,0.00043167281546629965,3.0640683235105826e-06,,102.59319729194976
700,0.0009910765492411615,0.0784570649266243,4.092150447831955e-06,2.305473572050687e-05,5.652277081935608e-07,0.006732854526489973,6.224470416782424e-05,0.07155493646860123,7.931706204544753e-05,,119.84477291698568
800,0.0009898064742143353,0.025198960676789284,1.0816968369908864e-06,2.3208040147437714e-05,4.7478232545472565e-07,0.016573570668697357,5.915871952311136e-05,0.008521057665348053,2.040979052253533e-05,,136.82415404194035
900,0.0009885380268020208,0.023225026205182076,1.3185306215746095e-06,5.9976398915750906e-05,8.168913723238802e-08,0.018515896052122116,0.0001799294404918328,0.0044126324355602264,5.5192467698361725e-05,,153.9279265840305
1000,0.000987271204918413,0.010642307810485363,1.6840715488797287e-06,6.595074228243902e-05,2.2033145086197692e-08,0.009994086809456348,5.6845183280529454e-06,0.0005715196020901203,3.359329866725602e-06,0.879849889148971,171.17355904204305
1100,0.0009860060064803796,0.09091062843799591,1.109460208681412e-05,8.959184924606234e-05,0.00012434841482900083,0.07263661921024323,0.0020714730489999056,0.015391244553029537,0.0005862588295713067,,188.2442055840511
1200,0.000984742429407458,0.022941425442695618,8.18371154309716e-06,4.475065725273453e-05,5.885668770133634e-07,0.016039174050092697,0.00017402162484358996,0.006650303024798632,2.4405093427048996e-05,,205.16287654195912
1300,0.0009834804716218517,0.013258381746709347,7.87090641551913e-07,6.303111149463803e-05,1.2878966799689806e-06,0.012762979604303837,1.293888317377423e-06,0.00042728628613986075,1.7160172092189896e-06,,222.0225363749778
1400,0.0009822201310484273,0.008208907209336758,2.229536676168209e-06,6.322876288322732e-05,7.12455084794783e-06,0.007782796397805214,7.246126642712625e-06,0.00034353521186858416,2.747021198956645e-06,,238.85713345895056
1500,0.00098096140561471,0.006492158398032188,1.947891860254458e-06,7.933119923109189e-05,2.210787897638511e-06,0.004305733833462,2.3709577362751588e-05,0.002063059713691473,1.6165522538358346e-05,0.8591817435256858,256.01692858396564
1600,0.0009797042932508816,0.006668682675808668,5.338321443559835e-06,0.0001183032218250446,2.226058626320082e-07,0.00613690260797739,1.170211544376798e-05,0.00039619189919903874,2.1752210699332863e-08,,272.8710862089647
1700,0.0009784487918897756,0.011745650321245193,1.815796349546872e-05,8.196962153306231e-05,1.6875898154466995e-06,0.005874703638255596,0.00014097381790634245,0.005627898499369621,2.588928964541992e-07,,289.93165670894086
1800,0.0009771948994668756,0.024501195177435875,2.367630031585577e-06,0.00015370783512480557,2.4192520413635066e-06,0.00818931870162487,1.634460386412684e-05,0.01613241247832775,4.62519074062584e-06,,306.8438355419785
1900,0.00097594261392031,0.009724399074912071,3.414723323658109e-05,0.0001811614929465577,7.36912397769629e-06,0.008425885811448097,0.0010155094787478447,5.9483245422597975e-05,8.416868695348967e-07,,323.6633226670092
2000,0.00097469193319085,0.07552047818899155,0.00011820572399301454,7.488364190066932e-06,0.00011384400568204,0.03427691012620926,0.002577027538791299,0.03802650049328804,0.0004004949005320668,0.9142586645970887,341.3974383750465
2100,0.0009734428552219055,0.034233104437589645,4.6358280087588355e-05,4.278881897334941e-05,2.1596517399302684e-05,0.030433349311351776,0.0012803551508113742,0.002298645442351699,0.00011000972881447524,,358.30278649996035
2200,0.0009721953779595221,0.05076514929533005,1.141229677159572e-05,1.3093495908833575e-05,1.1954433830396738e-05,0.015306436456739902,1.3140121154719964e-05,0.03539936617016792,9.744467206473928e-06,,375.0489712089766
2300,0.0009709494993523775,0.02578039839863777,5.950296326773241e-06,3.2236373954219744e-05,1.3658686839335132e-06,0.024231066927313805,7.212955824797973e-05,0.0014354815939441323,2.1686307718482567e-06,,391.821477749967
2400,0.0009697052173517781,0.015434063039720058,6.663623480562819e-06,3.025682963198051e-05,2.0158215647825273e-06,0.01340649463236332,3.507414294290356e-05,0.001953553408384323,4.095807693005327e-09,,408.6490539170336
2500,0.000968462529911656,0.016473550349473953,6.518420832435368e-06,4.349031223682687e-05,2.061343593595666e-06,0.012826758436858654,8.355992758879438e-05,0.0035056814085692167,5.480173967953306e-06,0.8783698934589913,425.25326812500134
2600,0.0009672214349885651,0.025745268911123276,3.0100796720944345e-05,2.0613711967598647e-05,3.3205812997039175e-06,0.009540583938360214,0.00014821796503383666,0.015980754047632217,2.1676727556041442e-05,,443.84589866700117
2700,0.000965981930541678,0.019046135246753693,4.979625373380259e-05,3.753553392016329e-05,5.584959126281319e-06,0.017898879945278168,3.67507163900882e-05,0.0010121078230440617,5.481567313836422e-06,,460.52322724997066
2800,0.0009647440145327827,0.019955232739448547,5.388048975873971e-06,4.64528457086999e-05,1.3149967799108708e-06,0.017560064792633057,3.429787511777249e-06,0.0023385274689644575,5.5061992298988116e-08,,477.1180435840506
2900,0.0009635076849262792,0.04644247144460678,0.00022284667647909373,3.612608907133108e-06,2.5588946300558746e-05,0.04454921558499336,0.0006346614100039005,0.00042802016832865775,0.0005785228568129241,,493.6895063340198
3000,0.0009622729396891762,0.018849719315767288,1.7449863662477583e-05,2.7596481231739745e-05,9.045930937645608e-07,0.0035800195764750242,1.0911257049883716e-05,0.01521272398531437,1.137055960498401e-07,0.8681109494863706,510.26701012498233
3100,0.0009610397767910876,0.023759664967656136,8.162295671354514e-06,5.3480394853977486e-05,1.1333734164509224e-06,0.006441494449973106,3.6873345834465e-06,0.017189202830195427,6.25048705842346e-05,,526.7405434999382
3200,0.0009598081942042293,0.018191451206803322,1.4996056961535942e-05,0.00018022721633315086,4.14360602007946e-06,0.01771518588066101,1.0114101314684376e-05,0.00026624210295267403,5.413714916358003e-07,,543.125554208993
3300,0.000958578189903416,0.020691875368356705,0.00019533635349944234,1.994271224248223e-05,5.132083060743753e-06,0.019027721136808395,0.00028239647508598864,0.0006981153273954988,0.00046323181595653296,,560.4860139170196
3400,0.0009573497618660572,0.015620664693415165,6.902608220116235e-06,7.014111906755716e-05,4.1417206375626847e-07,0.014963568188250065,3.0171249818522483e-06,0.0005720792105421424,4.542052010947373e-06,,576.9080387919676
3500,0.0009561229080721549,0.013011733070015907,1.0750841283879708e-05,7.601027027703822e-05,2.99299671269182e-07,0.010483873076736927,4.917793376080226e-06,0.0024219267070293427,1.3955458598502446e-05,0.8671881258186983,593.6833239999833
3600,0.0009548976265042995,0.0632566511631012,2.0663470422732644e-05,1.2840299859817605e-05,4.099663783563301e-06,0.061464421451091766,5.803002750326414e-06,0.0017477531218901277,1.0707733508752426e-06,,610.1677947919816
3700,0.000953673915147667,0.03643273562192917,1.543825419503264e-05,1.5527593859587796e-05,3.826620741165243e-06,0.023210173472762108,5.887376119062537e-06,0.013181309215724468,5.742126063523756e-07,,627.5590999589767
3800,0.0009524517719900148,0.03224537521600723,4.721982986666262e-05,3.6378678487380967e-05,2.074268923024647e-05,0.03108126111328602,0.0001295084657613188,0.0009287091670557857,1.5576000578221283e-06,,643.7914060839685
3900,0.0009512311950216796,0.031245024874806404,1.701493965811096e-05,2.699586002563592e-05,5.913749919272959e-05,0.019222253933548927,2.0992769350414164e-05,0.011892369948327541,6.259791007323656e-06,,660.1706776249921
4000,0.0009500121822355733,0.025353938341140747,2.7448546461528167e-05,4.0363436710322276e-05,4.907598849968053e-06,0.02471700869500637,4.938566780765541e-05,0.000513741688337177,1.083064262275002e-06,0.8367368033211876,676.7522977499757
4100,0.0009487947316271799,0.03818079084157944,1.7957059753825888e-05,4.8002315452322364e-05,3.0484770832117647e-05,0.036933209747076035,1.703401176200714e-05,0.0011319841723889112,2.115260940627195e-06,,693.3859096670058
4200,0.0009475788411945523,0.026783687993884087,1.653079380048439e-05,5.040588803240098e-05,5.460251031763619e-06,0.025928692892193794,4.035018264403334e-06,0.0007785240886732936,3.826871619594385e-08,,709.8727216670522
4300,0.0009463645089383087,0.021497754380106926,1.8937716959044337e-05,4.163373523624614e-05,7.905425263743382e-06,0.013341291807591915,1.854737456596922e-05,0.008069084957242012,3.545655999914743e-07,,725.7361177089624
4400,0.0009451517328616298,0.02739706076681614,1.793770570657216e-05,5.01399117638357e-05,3.6041242310602684e-06,0.026621060445904732,2.9647919745912077e-06,0.0007009137189015746,4.4025981082995713e-07,,741.744605874992
4500,0.000943940510970255,0.03258466720581055,1.678604348853696e-05,7.430929690599442e-05,5.059740942670032e-06,0.015125558711588383,4.7233010263880715e-05,0.017315488308668137,2.3258179737695173e-07,0.8605539213787433,758.5696272089845
4600,0.0009427308412724795,0.022102341055870056,2.1127418222022243e-05,6.408168701454997e-05,6.171439054014627e-06,0.016131730750203133,4.1327082726638764e-05,0.0058378917165100574,1.0949512407876227e-08,,773.8885689169401
4700,0.000941522721779151,0.01667555421590805,1.7222393580595963e-05,7.617992378072813e-05,2.9846471534256125e-06,0.015505269169807434,7.728236255388765e-07,0.0010729477507993579,1.7768903148862591e-07,,790.5918161669979
4800,0.000940316150503666,0.017096620053052902,1.675618113949895e-05,5.8193454606225714e-05,4.1006824176292866e-05,0.007585139945149422,6.583605227206135e-06,0.009386507794260979,2.432307837807457e-06,,808.4663659170037
4900,0.0009391111254619673,0.014144818298518658,3.5942830436397344e-05,5.605435944744386e-05,5.89729370403802e-06,0.011745577678084373,2.012048935284838e-05,0.002280974294990301,2.5209251930391474e-07,,825.1729420840275
5000,0.0009379076446725397,0.05182173103094101,2.02684459509328e-05,0.00012902272283099592,4.202049240120687e-06,0.0313706211745739,5.404151579568861e-06,0.020292147994041443,6.47494857730635e-08,0.8738742143397813,842.0154629589524
