run,reynolds,viscosity,seed,parameters,optimiser_steps,final_train_loss,velocity_rel_l2,u_rel_l2,v_rel_l2,velocity_rel_l2_core,velocity_max_abs_error,centreline_u_rms_error,centreline_v_rms_error,centreline_u_min,centreline_u_min_reference,ghia_u_rms_difference,ghia_v_rms_difference,no_slip_rms_error,lid_u_rms_error,residual_rms_continuity,residual_rms_momentum_x,residual_rms_momentum_y,train_seconds,seconds_per_step,inference_ms,peak_train_memory_mb
re0010_seed0,10,0.01,0,1316355,5000,0.004954311531037092,0.473013092850906,0.41630063385611155,0.5890022228570565,0.571655154930955,0.9422645864797713,0.07103586487948466,0.05037669691041917,-0.1302710771560669,-0.20756934057117604,,,0.051253935946578136,0.14760939979381735,0.7840421199798584,0.501189661026001,0.22789196968078615,1779.0851717500482,0.354111255966546,360.3449374786578,
re0010_seed1,10,0.01,1,1316355,5000,0.0028050404507666826,0.4560371362946227,0.42537352925345223,0.5234317944012576,0.5386340089108417,0.894594549552796,0.07658359005391788,0.03642066112646823,-0.1391010284423828,-0.20756934057117604,,,0.029629152223473933,0.1402366883754591,0.9782236099243165,0.6554539203643799,0.26445176601409914,1706.8770655828994,0.3388471583583858,459.46049998747185,
re0010_seed2,10,0.01,2,1316355,5000,0.004435529932379723,0.4564594520313776,0.4041555151079316,0.5641770756424052,0.5515208277349517,0.8305802262291062,0.060912190013934525,0.04446556031184187,-0.16100087761878967,-0.20756934057117604,,,0.03595500670975347,0.15802460989563197,0.8332695960998535,0.3315010070800781,0.18991349935531618,1327.9076087910216,0.26467408245019614,593.8899994944222,
re0100_seed0,100,0.001,0,1316355,5000,0.024563325569033623,0.8019425809718024,0.6831163697306871,1.0007960449168605,1.01216229415923,1.1316992817463507,0.19557796743540742,0.1523077965918198,-0.018174733966588974,-0.2140033701732822,0.19930150760167853,0.1334325955527139,0.1295386783251984,0.13240712511646296,0.11010266542434693,0.7307209491729737,0.044667237997055055,1185.95797566697,0.23659198993302416,533.8216249947436,
re0100_seed1,100,0.001,1,1316355,5000,0.03504808992147446,0.8052851675929137,0.6893910608895288,1.00019175570388,1.0695389571531941,1.0629910981046506,0.18593009432929578,0.15224988911045212,-0.012361586093902588,-0.2140033701732822,0.15176040130017543,0.13340586559504417,0.14857024406875322,0.012911433841201952,0.06950595378875733,0.31814439296722413,0.0483938992023468,916.8253124579787,0.18283322274961974,4307.018124440219,
re0100_seed2,100,0.001,2,1316355,5000,0.34830665588378906,1.60735368627434,1.8338794197402006,1.0,2.153635072303057,0.6733450297542478,0.428188039592048,0.15226234975873618,0.3329952359199524,-0.2140033701732822,0.4369002899340961,0.13340450812560758,0.3329952359199524,0.6670047640800476,0.0,0.0,0.0,817.6604745000368,0.16303362862484064,7586.370937468018,
re0400_seed0,400,0.00025,0,1316355,5000,0.11215135455131531,1.0778291810343608,1.1330208290416555,0.9998141242689963,1.1790098495000765,1.0770756772038734,0.22857909233105503,0.24626804144774328,-0.025852307677268982,-0.328460273466888,0.18364130587556998,0.23879774095733045,0.24961913016177964,0.04942712966821073,0.025244513154029848,0.05474357604980469,0.006761623173952103,821.7780865830136,0.16377563027462455,6981.2833544565365,
re0400_seed1,400,0.00025,1,1316355,5000,0.025472702458500862,0.8710092379857708,0.758869379860646,1.000723632576862,1.0005779224778464,1.124649647637217,0.2250882464414283,0.2464201534299249,-0.007480490952730179,-0.328460273466888,0.20806521975317485,0.23894564705160995,0.12416240348575096,0.10846778225756087,0.03429029881954193,0.36227126121520997,0.039709618687629705,834.6428151250584,0.16636975498320536,441.1670830450021,
re0400_seed2,400,0.00025,2,1316355,5000,0.05182173103094101,0.8893620094988989,0.795827183647365,1.0001732417882274,1.002805134624813,0.8122522067479325,0.23881677665367504,0.24632645718016333,-0.037266507744789124,-0.328460273466888,0.2591066930875228,0.23886387630770753,0.08006198856737133,0.254632758903811,0.039965939521789555,0.13952953815460206,0.040346387028694156,842.0154824589845,0.16783838583361357,568.330729031004,
